Pages les plus populaires,Clics,Impressions,CTR,Position
https://sudestchape.fr/,54,2360,2.29%,14.44
https://sudestchape.fr/prestations-solutions/chape-plancher-chauffant/,3,510,0.59%,30.4
https://sudestchape.fr/prestations-solutions/,1,526,0.19%,51.7
https://sudestchape.fr/specialiste-chape-liquide/,1,370,0.27%,29.9
https://sudestchape.fr/nos-realisations-chapes-fluides/,1,231,0.43%,23.62
https://sudestchape.fr/informations-devis-chape-liquide/,1,229,0.44%,18.23
https://sudestchape.fr/prestations-solutions/chape-isolation-acoustique/,1,205,0.49%,23.57
https://sudestchape.fr/prestations-solutions/chape-isolation-thermique/,1,182,0.55%,23.94
https://sudestchape.fr/prestations-solutions/chape-hors-plancher-chauffant/,1,132,0.76%,40.98
https://sudestchape.fr/realisations-chapes-fluides/,0,160,0%,33.84
https://sudestchape.fr/type_chape/mise-niveau-sols/,0,137,0%,16.13
https://sudestchape.fr/prestations-solutions/chape-mise-niveau-sols/,0,130,0%,17.18
https://sudestchape.fr/blog-actualites/,0,28,0%,5.07
https://sudestchape.fr/type_chape/chapes-pour-plancher-chauffant/,0,13,0%,18.54
https://sudestchape.fr/type_chape/isolation-thermique/,0,11,0%,6.64
https://sudestchape.fr/partenariats/sud-est-chape-partenaire-us-seynoise-rugby/,0,11,0%,8.55
https://sudestchape.fr/nos-realisations-chapes-fluides/harco-king-jouet-toulon-var/,0,6,0%,10.83
https://sudestchape.fr/type_chape/isolation-accoustique/,0,2,0%,5.5