Requêtes les plus fréquentes,Clics,Impressions,CTR,Position
sud est chape,18,80,22.5%,1.02
chape liquide toulon,3,13,23.08%,1.23
chape liquide,2,261,0.77%,10.9
entreprise chape liquide,1,108,0.93%,9.99
chapiste,1,35,2.86%,10.31
chapiste autour de moi,1,23,4.35%,9.3
mise en chauffe plancher chauffant chape anhydrite,1,15,6.67%,11.8
provence sud est chape,1,5,20%,7.8
chape,0,154,0%,6.32
chape acoustique,0,95,0%,36.99
chape fluide,0,94,0%,17.41
chape liquide tarn,0,54,0%,46.65
chape liquide plancher chauffant,0,44,0%,20.02
chapes,0,42,0%,19.29
chape ciment plancher chauffant,0,35,0%,32.14
chape plancher chauffant,0,35,0%,38.46
chape mousse polyuréthane paca,0,34,0%,4.09
chape liquide entreprise,0,29,0%,13.28
devis chapes,0,29,0%,23.17
chape liquide toulouse,0,29,0%,37.79
chape chauffage sol,0,28,0%,52.54
chape fluide faribeault essonne,0,27,0%,26.63
chape pour plancher chauffant,0,26,0%,33.81
entreprise de chape fluide,0,26,0%,39.54
la chape fluide 91,0,24,0%,41.46
chape liquide montauban,0,24,0%,66.83
chape béton marseille,0,23,0%,36.65
chape liquide luçon,0,23,0%,39.52
chape fluide plancher chauffant,0,23,0%,50.7
chape liquide à montreuil-bellay,0,23,0%,85
entreprise de chape,0,21,0%,12.24
chape fluide pons,0,21,0%,28.81
chape sur plancher chauffant,0,21,0%,32.29
applicateur chape liquide,0,19,0%,20.68
chape pour chauffage au sol,0,18,0%,34.11
chape chape fluide 91,0,18,0%,43.72
chape liquide sainte-maxime,0,17,0%,10.88
chappe liquide,0,16,0%,9.25
chape liquide cogolin,0,16,0%,42.69
chape liquide pour plancher chauffant,0,16,0%,48.81
entreprise de chape liquide,0,15,0%,8.33
chape traditionnelle plancher chauffant,0,15,0%,18.27
chape traditionnelle pour plancher chauffant,0,15,0%,18.87
chapes liquide,0,15,0%,20.8
chape liquide mougins,0,15,0%,38
plancher chauffant rafraichissant installation toulon,0,15,0%,61.27
chape liquide à vivy,0,15,0%,71.33
chapeliquide,0,14,0%,10.07
chape liquide sisteron,0,14,0%,32.07
chape liquide cannes,0,14,0%,42.43
chape liquide nice,0,13,0%,12.54
chape fluide alpes-maritimes,0,13,0%,16.23
artisan chape liquide,0,12,0%,4.67
chape dole,0,12,0%,48.25
chapiste toulon,0,11,0%,2
chape liquide vallauris,0,11,0%,39.18
entreprise de chape polyuréthane,0,11,0%,54
chape liquide alpes maritimes,0,10,0%,11.6
chape fluide alpes maritimes,0,10,0%,20.7
chape liquide mouans-sartoux,0,10,0%,21.8
mise en chauffe chape liquide,0,10,0%,24.8
chape liquide à saumur,0,10,0%,57.2
pose de chape fluide,0,9,0%,7.67
entreprise isolation mousse polyuréthane paca,0,9,0%,10.44
entreprise chape liquide autour de moi,0,9,0%,18.22
pose de chapes marseille,0,9,0%,20.44
pose chape ravoirage auch,0,9,0%,54.22
entreprise de chape chauffage sol,0,9,0%,59.89
plancher chauffant rafraichissant toulon,0,9,0%,67
chape fluide loire-atlantique,0,9,0%,68.89
chape liquide sur plancher chauffant,0,8,0%,15.12
isolant chape liquide,0,8,0%,26.88
chape plancher chauffant electrique,0,8,0%,62.38
chape polyuréthane projeté,0,8,0%,65.88
pose de chapes draguignan,0,7,0%,14.86
beton chape liquide,0,7,0%,24
spécialiste en chape,0,7,0%,24.57
spécialiste chape haut-doubs,0,7,0%,44.43
chape liquide 06,0,7,0%,47.57
plancher chauffant merindol,0,7,0%,71.71
mise à niveau des sols,0,6,0%,16.83
chape sol,0,6,0%,17
chappe fluide,0,6,0%,19.67
quel chape pour plancher chauffant,0,6,0%,21.5
chape polyuréthane,0,6,0%,25.67
pose de chapes golfe de saint-tropez,0,6,0%,26.17
chape fluide 06,0,6,0%,38.33
chape liquide moselle,0,6,0%,48.17
epaisseur plancher chauffant,0,5,0%,1
chape liquide autour de moi,0,5,0%,5.8
chape fluide anhydrite,0,5,0%,10.6
chape beton,0,5,0%,11.2
chape liquide ciment,0,5,0%,11.8
chape liquide sur isolant,0,5,0%,14.2
chapes liquides,0,5,0%,17
quelle chape pour plancher chauffant,0,5,0%,17.8
devis chape liquide,0,5,0%,26.8
chape thermique,0,5,0%,31.6
chape liquide fontenay le comte,0,5,0%,40.8
chape pour chauffage sol,0,5,0%,44.2
chape liquide villeneuve,0,5,0%,57.8
hauteur de chape pour plancher chauffant,0,5,0%,60.4
hauteur shape sans chauffage au sol,0,4,0%,6
chape carrelage,0,4,0%,8.25
entreprise chape,0,4,0%,11.75
chape industrielle,0,4,0%,12.75
micro chape,0,4,0%,15.75
chape liquide pons,0,4,0%,18
chapiste trets,0,4,0%,18.5
plancher chauffant chape liquide,0,4,0%,21
quelle chape pour un plancher chauffant,0,4,0%,21
isolation chape liquide,0,4,0%,21.5
chape isolante thermique,0,4,0%,33.75
chape liquide monaco,0,4,0%,38.25
spécialiste chape haut-jura,0,4,0%,49
chape isol,0,4,0%,51.25
chape mousse polyuréthane projetée,0,4,0%,71.75
pose de chape chauffage sol,0,4,0%,79
épaisseur plancher chauffant,0,3,0%,1
chapiste var,0,3,0%,1.33
reseau chape,0,3,0%,1.33
livraison chape liquide,0,3,0%,2.67
plancher,0,3,0%,5
chape bâtiment,0,3,0%,6
chape béton,0,3,0%,9
ravoirage ou ragréage,0,3,0%,10
sud est,0,3,0%,10.33
chape sur isolant,0,3,0%,11
rénovation neuf la seyne-sur-mer,0,3,0%,13
rénovation neuf à la seyne-sur-mer,0,3,0%,13.33
ciment chape,0,3,0%,14
ravoirage plancher chauffant,0,3,0%,20.67
chapes anhydrites,0,3,0%,21
rénovation sol industriel toulon,0,3,0%,24.33
chapes acoustiques,0,3,0%,28
temps de séchage chape liquide plancher chauffant,0,3,0%,33.67
chape sol chauffant,0,3,0%,34.33
chape jura,0,3,0%,38.67
pose de chape polyuréthane,0,3,0%,38.67
chape chauffage au sol,0,3,0%,43.33
chapes fluides,0,3,0%,43.67
la chape fluide,0,3,0%,46.33
plancher béton toulon,0,3,0%,49
chape sur chauffage au sol,0,3,0%,65.67
chape plancher chauffant epaisseur,0,3,0%,75.67
chape liquide sechage,0,3,0%,77.67
entreprise six fours les plages,0,2,0%,2
chape chantier,0,2,0%,5.5
chaoe,0,2,0%,6
chape flottante sur isolant,0,2,0%,10
entreprise ragréage sol,0,2,0%,12.5
chapes fluides autonivelantes compiègne,0,2,0%,13
entreprise chapiste,0,2,0%,13.5
chape isolation 41,0,2,0%,16
expertise en rénovation,0,2,0%,16
revêtements de sol à six-fours-les-plages,0,2,0%,16
pose de chape,0,2,0%,19
chape sur isolant thermique,0,2,0%,22
revêtements de sol six-fours-les-plages,0,2,0%,22.5
chape anhydrite plancher chauffant,0,2,0%,23.5
devis chape gratuit,0,2,0%,25
chape liquide tarbes,0,2,0%,26
pose de chapes auray,0,2,0%,28.5
plancher chauffant chape,0,2,0%,29.5
la chape liquide,0,2,0%,31
isolation sol bouches du rhône,0,2,0%,31.5
isol sud est,0,2,0%,34
chauffage au sol chape,0,2,0%,35
chape sur plancher,0,2,0%,36
isolation sol var,0,2,0%,38
chauffage sol chape,0,2,0%,39.5
chape liquide avignon,0,2,0%,44.5
isolation chappe,0,2,0%,46
ds chapes,0,2,0%,50.5
chapiste pertuis,0,2,0%,51.5
chapiste avignon,0,2,0%,57
artisan chapiste,0,2,0%,59.5
plancher chauffant à champey,0,2,0%,61
isolation chape,0,2,0%,61.5
chape plancher chauffant alès,0,2,0%,70.5
béton désactivé fréjus,0,2,0%,76.5
epaisseur chape liquide plancher chauffant,0,2,0%,79
isolant sous chape liquide,0,2,0%,82
chape fluide anhydrite poitiers,0,2,0%,83.5
chape fluide autonivelante,0,2,0%,93
chape chape,0,1,0%,1
chape def,0,1,0%,1
chappiste,0,1,0%,1
la chape,0,1,0%,1
réparation de plancher,0,1,0%,1
réseau chape,0,1,0%,1
cjape,0,1,0%,3
pose de chapes,0,1,0%,3
pose de plancher,0,1,0%,3
transporteur de chape toulon,0,1,0%,3
avella chape,0,1,0%,4
chape béton liquide,0,1,0%,4
une chape liquide,0,1,0%,5
chape gpt,0,1,0%,6
chappe carrelage,0,1,0%,6
chape liquide extérieur,0,1,0%,7
chape liquide carrelage,0,1,0%,9
chape maçonnerie,0,1,0%,9
fournisseur chape liquide,0,1,0%,9
ciment chape liquide,0,1,0%,10
sol chape,0,1,0%,10
chape anhydrite,0,1,0%,11
ragréage ou chape liquide,0,1,0%,11
sud entreprise,0,1,0%,12
beton chape,0,1,0%,13
devis chape liquide en ligne,0,1,0%,17
chape traditionnelle plancher chauffant rt 2020,0,1,0%,20
chape anhydrite cirée,0,1,0%,21
chape liquide entreprise chape fluide,0,1,0%,21
chape sur sol humide verdun,0,1,0%,24
"""anhydritec"" mail email",0,1,0%,27
niveau sol,0,1,0%,30
chape expert,0,1,0%,31
installateur plancher chauffant cassis,0,1,0%,31
isolation pour chape,0,1,0%,35
chape liquide charente,0,1,0%,36
chape fluide mulhouse,0,1,0%,37
chape liquide isolante,0,1,0%,38
chape pour sol chauffant,0,1,0%,38
chape fluide les essarts,0,1,0%,39
chapes isolantes,0,1,0%,42
chape beton plancher chauffant,0,1,0%,43
chape isole,0,1,0%,43
chappe plancher chauffant,0,1,0%,44
agrément chape liquide,0,1,0%,48
chape liquide à rou-marson,0,1,0%,50
chapes solutions,0,1,0%,54
chapiste châtellerault,0,1,0%,54
artisan chape,0,1,0%,59
chape liquide en haute-saône,0,1,0%,60
chapiste poitiers,0,1,0%,61
chapes fluide,0,1,0%,62
béton désactivé saint tropez,0,1,0%,64
euro chape fluide,0,1,0%,69
épaisseur chape liquide plancher chauffant,0,1,0%,70
épaisseur chape sur plancher chauffant,0,1,0%,70
chape liquide ciment poitiers,0,1,0%,72
entreprise de chape isolante,0,1,0%,72
chape liquide autonivelante,0,1,0%,73
chape sur plancher chauffant electrique,0,1,0%,73
epaisseur chape plancher chauffant,0,1,0%,74
chape isolé,0,1,0%,75
chape de ravoirage poitiers,0,1,0%,76
epaisseur chape anhydrite plancher chauffant,0,1,0%,77
épaisseur chape plancher chauffant,0,1,0%,77
epaisseur chape plancher chauffant electrique,0,1,0%,80
plancher chauffant chape seche,0,1,0%,81
isolation vide sanitaire var,0,1,0%,82
chape seche plancher chauffant,0,1,0%,84
chape seche pour plancher chauffant,0,1,0%,84
chape liquide devis,0,1,0%,91
epaisseur chape pour plancher chauffant,0,1,0%,95
chape flottante,0,1,0%,98
chape liquide rhône,0,1,0%,98
isolation sous chape liquide,0,1,0%,105
chape fluide isère,0,1,0%,113